date,event_1,event_2
1390-01-01,جشن نوروز/جشن سال نو,
1390-01-02,عیدنوروز,
1390-01-03,عیدنوروز,
1390-01-04,عیدنوروز,
1390-01-12,روز جمهوری اسلامی,
1390-01-13,جشن سیزده به در,
1390-02-17,شهادت حضرت فاطمه زهرا سلام الله علیها,
1390-03-14,رحلت حضرت امام خمینی,
1390-03-15,قیام 15 خرداد,
1390-03-26,ولادت امام علی علیه السلام و روز پدر,
1390-04-09,مبعث رسول اکرم (ص),
1390-04-26,ولادت حضرت قائم عجل الله تعالی فرجه و جشن نیمه شعبان,
1390-05-30,شهادت حضرت علی علیه السلام,
1390-06-09,عید سعید فطر,
1390-06-10,تعطیل به مناسبت عید سعید فطر,
1390-07-02,شهادت امام جعفر صادق علیه السلام,
1390-08-16,عید سعید قربان,
1390-08-24,عید سعید غدیر خم,
1390-09-14,تاسوعای حسینی,
1390-09-15,عاشورای حسینی,
1390-10-24,اربعین حسینی,
1390-11-02,رحلت  رسول اکرم؛شهادت امام حسن مجتبی علیه السلام,
1390-11-04,شهادت امام رضا علیه السلام,
1390-11-12,شهادت امام حسن عسکری علیه السلام,
1390-11-21,میلاد رسول اکرم و امام جعفر صادق علیه السلام,
1390-11-22,پیروزی انقلاب اسلامی,
1390-12-29,روز ملی شدن صنعت نفت ایران,
1391-01-01,جشن نوروز/جشن سال نو,
1391-01-02,عیدنوروز,
1391-01-03,عیدنوروز,
1391-01-04,عیدنوروز,
1391-01-12,روز جمهوری اسلامی,
1391-01-13,جشن سیزده به در,
1391-02-06,شهادت حضرت فاطمه زهرا سلام الله علیها,
1391-03-14,رحلت حضرت امام خمینی,
1391-03-15,قیام 15 خرداد,ولادت امام علی علیه السلام و روز پدر
1391-03-29,مبعث رسول اکرم (ص),
1391-04-15,ولادت حضرت قائم عجل الله تعالی فرجه و جشن نیمه شعبان,
1391-05-20,شهادت حضرت علی علیه السلام,
1391-05-29,عید سعید فطر,
1391-05-30,تعطیل به مناسبت عید سعید فطر,
1391-06-22,شهادت امام جعفر صادق علیه السلام,
1391-08-05,عید سعید قربان,
1391-08-13,عید سعید غدیر خم,
1391-09-04,تاسوعای حسینی,
1391-09-05,عاشورای حسینی,
1391-10-14,اربعین حسینی,
1391-10-22,رحلت  رسول اکرم؛شهادت امام حسن مجتبی علیه السلام,
1391-11-01,شهادت امام حسن عسکری علیه السلام,
1391-11-10,میلاد رسول اکرم و امام جعفر صادق علیه السلام,
1391-11-22,پیروزی انقلاب اسلامی,
1391-12-29,روز ملی شدن صنعت نفت ایران,
1391-12-30,آخرین روز سال,
1392-01-01,جشن نوروز/جشن سال نو,
1392-01-02,عیدنوروز,
1392-01-03,عیدنوروز,
1392-01-04,عیدنوروز,
1392-01-12,روز جمهوری اسلامی,
1392-01-13,جشن سیزده به در,
1392-01-25,شهادت حضرت فاطمه زهرا سلام الله علیها,
1392-03-03,ولادت امام علی علیه السلام و روز پدر,
1392-03-14,رحلت حضرت امام خمینی,
1392-03-15,قیام 15 خرداد,
1392-03-17,مبعث رسول اکرم (ص),
1392-04-03,ولادت حضرت قائم عجل الله تعالی فرجه و جشن نیمه شعبان,
1392-05-08,شهادت حضرت علی علیه السلام,
1392-05-18,عید سعید فطر,
1392-05-19,تعطیل به مناسبت عید سعید فطر,
1392-06-11,شهادت امام جعفر صادق علیه السلام,
1392-07-24,عید سعید قربان,
1392-08-02,عید سعید غدیر خم,
1392-08-22,تاسوعای حسینی,
1392-08-23,عاشورای حسینی,
1392-10-02,اربعین حسینی,
1392-10-10,رحلت  رسول اکرم؛شهادت امام حسن مجتبی علیه السلام,
1392-10-12,شهادت امام رضا علیه السلام,
1392-10-20,شهادت امام حسن عسکری علیه السلام,
1392-10-29,میلاد رسول اکرم و امام جعفر صادق علیه السلام,
1392-11-22,پیروزی انقلاب اسلامی,
1392-12-29,روز ملی شدن صنعت نفت ایران,
1393-01-01,جشن نوروز/جشن سال نو,
1393-01-02,عیدنوروز,
1393-01-03,عیدنوروز,
1393-01-04,عیدنوروز,
1393-01-12,روز جمهوری اسلامی,
1393-01-13,جشن سیزده به در,
1393-01-14,شهادت حضرت فاطمه زهرا سلام الله علیها,
1393-02-23,ولادت امام علی علیه السلام و روز پدر,
1393-03-06,مبعث رسول اکرم (ص),
1393-03-14,رحلت حضرت امام خمینی,
1393-03-15,قیام 15 خرداد,
1393-03-23,ولادت حضرت قائم عجل الله تعالی فرجه و جشن نیمه شعبان,
1393-04-28,شهادت حضرت علی علیه السلام,
1393-05-07,عید سعید فطر,
1393-05-08,تعطیل به مناسبت عید سعید فطر,
1393-05-31,شهادت امام جعفر صادق علیه السلام,
1393-07-13,عید سعید قربان,
1393-07-21,عید سعید غدیر خم,
1393-08-12,تاسوعای حسینی,
1393-08-13,عاشورای حسینی,
1393-09-22,اربعین حسینی,
1393-09-30,رحلت  رسول اکرم؛شهادت امام حسن مجتبی علیه السلام,
1393-10-02,شهادت امام رضا علیه السلام,
1393-10-10,شهادت امام حسن عسکری علیه السلام,
1393-10-19,میلاد رسول اکرم و امام جعفر صادق علیه السلام,
1393-11-22,پیروزی انقلاب اسلامی,
1393-12-29,روز ملی شدن صنعت نفت ایران,
1394-01-01,جشن نوروز/جشن سال نو,
1394-01-02,عیدنوروز,
1394-01-03,عیدنوروز,
1394-01-04,عیدنوروز,شهادت حضرت فاطمه زهرا سلام الله علیها
1394-01-12,روز جمهوری اسلامی,
1394-01-13,جشن سیزده به در,
1394-02-12,ولادت امام علی علیه السلام و روز پدر,
1394-02-26,مبعث رسول اکرم (ص),
1394-03-13,ولادت حضرت قائم عجل الله تعالی فرجه و جشن نیمه شعبان,
1394-03-14,رحلت حضرت امام خمینی,
1394-03-15,قیام 15 خرداد,
1394-04-17,شهادت حضرت علی علیه السلام,
1394-04-27,عید سعید فطر,
1394-04-28,تعطیل به مناسبت عید سعید فطر,
1394-05-20,شهادت امام جعفر صادق علیه السلام,
1394-07-02,عید سعید قربان,
1394-07-10,عید سعید غدیر خم,
1394-08-01,تاسوعای حسینی,
1394-08-02,عاشورای حسینی,
1394-09-11,اربعین حسینی,
1394-09-19,رحلت  رسول اکرم؛شهادت امام حسن مجتبی علیه السلام,
1394-09-21,شهادت امام رضا علیه السلام,
1394-09-29,شهادت امام حسن عسکری علیه السلام,
1394-10-08,میلاد رسول اکرم و امام جعفر صادق علیه السلام,
1394-11-22,پیروزی انقلاب اسلامی,
1394-12-23,شهادت حضرت فاطمه زهرا سلام الله علیها,
1394-12-29,روز ملی شدن صنعت نفت ایران,
1395-01-01,جشن نوروز/جشن سال نو,
1395-01-02,عیدنوروز,
1395-01-03,عیدنوروز,
1395-01-04,عیدنوروز,
1395-01-12,روز جمهوری اسلامی,
1395-01-13,جشن سیزده به در,
1395-02-02,ولادت امام علی علیه السلام و روز پدر,
1395-02-16,مبعث رسول اکرم (ص),
1395-03-02,ولادت حضرت قائم عجل الله تعالی فرجه و جشن نیمه شعبان,
1395-03-14,رحلت حضرت امام خمینی,
1395-03-15,قیام 15 خرداد,
1395-04-07,شهادت حضرت علی علیه السلام,
1395-04-16,عید سعید فطر,
1395-04-17,تعطیل به مناسبت عید سعید فطر,
1395-05-09,شهادت امام جعفر صادق علیه السلام,
1395-06-22,عید سعید قربان,
1395-06-30,عید سعید غدیر خم,
1395-07-20,تاسوعای حسینی,
1395-07-21,عاشورای حسینی,
1395-08-30,اربعین حسینی,
1395-09-08,رحلت  رسول اکرم؛شهادت امام حسن مجتبی علیه السلام,
1395-09-10,شهادت امام رضا علیه السلام,
1395-09-18,شهادت امام حسن عسکری علیه السلام,
1395-09-27,میلاد رسول اکرم و امام جعفر صادق علیه السلام,
1395-11-22,پیروزی انقلاب اسلامی,
1395-12-12,شهادت حضرت فاطمه زهرا سلام الله علیها,
1395-12-29,روز ملی شدن صنعت نفت ایران,
1395-12-30,آخرین روز سال,
1396-01-01,جشن نوروز/جشن سال نو,
1396-01-02,عیدنوروز,
1396-01-03,عیدنوروز,
1396-01-04,عیدنوروز,
1396-01-12,روز جمهوری اسلامی,
1396-01-13,جشن سیزده به در,
1396-01-22,ولادت امام علی علیه السلام و روز پدر,
1396-02-05,مبعث رسول اکرم (ص),
1396-02-22,ولادت حضرت قائم عجل الله تعالی فرجه و جشن نیمه شعبان,
1396-03-14,رحلت حضرت امام خمینی,
1396-03-15,قیام 15 خرداد,
1396-03-26,شهادت حضرت علی علیه السلام,
1396-04-05,عید سعید فطر,
1396-04-06,تعطیل به مناسبت عید سعید فطر,
1396-04-29,شهادت امام جعفر صادق علیه السلام,
1396-06-10,عید سعید قربان,
1396-06-18,عید سعید غدیر خم,
1396-07-08,تاسوعای حسینی,
1396-07-09,عاشورای حسینی,
1396-08-18,اربعین حسینی,
1396-08-26,رحلت  رسول اکرم؛شهادت امام حسن مجتبی علیه السلام,
1396-08-28,شهادت امام رضا علیه السلام,
1396-09-06,شهادت امام حسن عسکری علیه السلام,
1396-09-15,میلاد رسول اکرم و امام جعفر صادق علیه السلام,
1396-11-22,پیروزی انقلاب اسلامی,
1396-12-01,شهادت حضرت فاطمه زهرا سلام الله علیها,
1396-12-29,روز ملی شدن صنعت نفت ایران,
1397-01-01,جشن نوروز/جشن سال نو,
1397-01-02,عیدنوروز,
1397-01-03,عیدنوروز,
1397-01-04,عیدنوروز,
1397-01-11,ولادت امام علی علیه السلام و روز پدر,
1397-01-12,روز جمهوری اسلامی,
1397-01-13,جشن سیزده به در,
1397-01-25,مبعث رسول اکرم (ص),
1397-02-12,ولادت حضرت قائم عجل الله تعالی فرجه و جشن نیمه شعبان,
1397-03-14,رحلت حضرت امام خمینی,
1397-03-15,قیام 15 خرداد,
1397-03-16,شهادت حضرت علی علیه السلام,
1397-03-25,عید سعید فطر,
1397-03-26,تعطیل به مناسبت عید سعید فطر,
1397-04-18,شهادت امام جعفر صادق علیه السلام,
1397-05-31,عید سعید قربان,
1397-06-08,عید سعید غدیر خم,
1397-06-28,تاسوعای حسینی,
1397-06-29,عاشورای حسینی,
1397-08-08,اربعین حسینی,
1397-08-16,رحلت  رسول اکرم؛شهادت امام حسن مجتبی علیه السلام,
1397-08-25,شهادت امام حسن عسکری علیه السلام,
1397-09-04,میلاد رسول اکرم و امام جعفر صادق علیه السلام,
1397-11-20,شهادت حضرت فاطمه زهرا سلام الله علیها,
1397-11-22,پیروزی انقلاب اسلامی,
1397-12-29,روز ملی شدن صنعت نفت ایران,ولادت امام علی علیه السلام و روز پدر
1398-01-01,جشن نوروز/جشن سال نو,
1398-01-02,عیدنوروز,
1398-01-03,عیدنوروز,
1398-01-04,عیدنوروز,
1398-01-12,روز جمهوری اسلامی,
1398-01-13,جشن سیزده به در,
1398-01-14,مبعث رسول اکرم (ص),
1398-02-01,ولادت حضرت قائم عجل الله تعالی فرجه و جشن نیمه شعبان,
1398-03-06,شهادت حضرت علی علیه السلام,
1398-03-14,رحلت حضرت امام خمینی,
1398-03-15,قیام 15 خرداد,عید سعید فطر
1398-03-16,تعطیل به مناسبت عید سعید فطر,
1398-04-08,شهادت امام جعفر صادق علیه السلام,
1398-05-21,عید سعید قربان,
1398-05-29,عید سعید غدیر خم,
1398-06-18,تاسوعای حسینی,
1398-06-19,عاشورای حسینی,
1398-07-27,اربعین حسینی,
1398-08-05,رحلت  رسول اکرم؛شهادت امام حسن مجتبی علیه السلام,
1398-08-07,شهادت امام رضا علیه السلام,
1398-08-15,شهادت امام حسن عسکری علیه السلام,
1398-08-24,میلاد رسول اکرم و امام جعفر صادق علیه السلام,
1398-11-09,شهادت حضرت فاطمه زهرا سلام الله علیها,
1398-11-22,پیروزی انقلاب اسلامی,
1398-12-18,ولادت امام علی علیه السلام و روز پدر,
1398-12-29,روز ملی شدن صنعت نفت ایران,
1399-01-01,جشن نوروز/جشن سال نو,
1399-01-02,عیدنوروز,
1399-01-03,عیدنوروز,مبعث رسول اکرم (ص)
1399-01-04,عیدنوروز,
1399-01-12,روز جمهوری اسلامی,
1399-01-13,جشن سیزده به در,
1399-01-21,ولادت حضرت قائم عجل الله تعالی فرجه و جشن نیمه شعبان,
1399-02-26,شهادت حضرت علی علیه السلام,
1399-03-04,عید سعید فطر,
1399-03-05,تعطیل به مناسبت عید سعید فطر,
1399-03-14,رحلت حضرت امام خمینی,
1399-03-15,قیام 15 خرداد,
1399-03-28,شهادت امام جعفر صادق علیه السلام,
1399-05-10,عید سعید قربان,
1399-05-18,عید سعید غدیر خم,
1399-06-08,تاسوعای حسینی,
1399-06-09,عاشورای حسینی,
1399-07-17,اربعین حسینی,
1399-07-25,رحلت  رسول اکرم؛شهادت امام حسن مجتبی علیه السلام,
1399-08-04,شهادت امام حسن عسکری علیه السلام,
1399-08-13,میلاد رسول اکرم و امام جعفر صادق علیه السلام,
1399-10-28,شهادت حضرت فاطمه زهرا سلام الله علیها,
1399-11-22,پیروزی انقلاب اسلامی,
1399-12-07,ولادت امام علی علیه السلام و روز پدر,
1399-12-21,مبعث رسول اکرم (ص),
1399-12-29,روز ملی شدن صنعت نفت ایران,
1399-12-30,آخرین روز سال,
1400-01-01,جشن نوروز/جشن سال نو,
1400-01-02,عیدنوروز,
1400-01-03,عیدنوروز,
1400-01-04,عیدنوروز,
1400-01-09,ولادت حضرت قائم عجل الله تعالی فرجه و جشن نیمه شعبان,
1400-01-12,روز جمهوری اسلامی,
1400-01-13,جشن سیزده به در,
1400-02-14,شهادت حضرت علی علیه السلام,
1400-02-23,عید سعید فطر,
1400-02-24,تعطیل به مناسبت عید سعید فطر,
1400-03-14,رحلت حضرت امام خمینی,
1400-03-15,قیام 15 خرداد,
1400-03-16,شهادت امام جعفر صادق علیه السلام,
1400-04-30,عید سعید قربان,
1400-05-07,عید سعید غدیر خم,
1400-05-27,تاسوعای حسینی,
1400-05-28,عاشورای حسینی,
1400-07-05,اربعین حسینی,
1400-07-13,رحلت  رسول اکرم؛شهادت امام حسن مجتبی علیه السلام,
1400-07-15,شهادت امام رضا علیه السلام,
1400-07-23,شهادت امام حسن عسکری علیه السلام,
1400-08-02,میلاد رسول اکرم و امام جعفر صادق علیه السلام,
1400-10-16,شهادت حضرت فاطمه زهرا سلام الله علیها,
1400-11-22,پیروزی انقلاب اسلامی,
1400-11-26,ولادت امام علی علیه السلام و روز پدر,
1400-12-10,مبعث رسول اکرم (ص),
1400-12-27,ولادت حضرت قائم عجل الله تعالی فرجه و جشن نیمه شعبان,
1400-12-29,روز ملی شدن صنعت نفت ایران,
1401-01-01,جشن نوروز/جشن سال نو,
1401-01-02,عیدنوروز,
1401-01-03,عیدنوروز,
1401-01-04,عیدنوروز,
1401-01-12,روز جمهوری اسلامی,
1401-01-13,جشن سیزده به در,
1401-02-03,شهادت حضرت علی علیه السلام,
1401-02-13,عید سعید فطر,
1401-02-14,تعطیل به مناسبت عید سعید فطر,
1401-03-06,شهادت امام جعفر صادق علیه السلام,
1401-03-14,رحلت حضرت امام خمینی,
1401-03-15,قیام 15 خرداد,
1401-04-19,عید سعید قربان,
1401-04-27,عید سعید غدیر خم,
1401-05-16,تاسوعای حسینی,
1401-05-17,عاشورای حسینی,
1401-06-26,اربعین حسینی,
1401-07-03,رحلت  رسول اکرم؛شهادت امام حسن مجتبی علیه السلام,
1401-07-05,شهادت امام رضا علیه السلام,
1401-07-13,شهادت امام حسن عسکری علیه السلام,
1401-07-22,میلاد رسول اکرم و امام جعفر صادق علیه السلام,
1401-10-06,شهادت حضرت فاطمه زهرا سلام الله علیها,
1401-11-15,ولادت امام علی علیه السلام و روز پدر,
1401-11-22,پیروزی انقلاب اسلامی,
1401-11-29,مبعث رسول اکرم (ص),
1401-12-17,ولادت حضرت قائم عجل الله تعالی فرجه و جشن نیمه شعبان,
1401-12-29,روز ملی شدن صنعت نفت ایران,
1402-01-01,جشن نوروز/جشن سال نو,
1402-01-02,عیدنوروز,
1402-01-03,عیدنوروز,
1402-01-04,عیدنوروز,
1402-01-12,روز جمهوری اسلامی,
1402-01-13,جشن سیزده به در,
1402-01-23,شهادت حضرت علی علیه السلام,
1402-02-02,عید سعید فطر,
1402-02-03,تعطیل به مناسبت عید سعید فطر,
1402-02-26,شهادت امام جعفر صادق علیه السلام,
1402-03-14,رحلت حضرت امام خمینی,
1402-03-15,قیام 15 خرداد,
1402-04-08,عید سعید قربان,
1402-04-16,عید سعید غدیر خم,
1402-05-05,تاسوعای حسینی,
1402-05-06,عاشورای حسینی,
1402-06-15,اربعین حسینی,
1402-06-23,رحلت  رسول اکرم؛شهادت امام حسن مجتبی علیه السلام,
1402-06-25,شهادت امام رضا علیه السلام,
1402-07-02,شهادت امام حسن عسکری علیه السلام,
1402-07-11,میلاد رسول اکرم و امام جعفر صادق علیه السلام,
1402-09-26,شهادت حضرت فاطمه زهرا سلام الله علیها,
1402-11-05,ولادت امام علی علیه السلام و روز پدر,
1402-11-19,مبعث رسول اکرم (ص),
1402-11-22,پیروزی انقلاب اسلامی,
1402-12-06,ولادت حضرت قائم عجل الله تعالی فرجه و جشن نیمه شعبان,
1402-12-29,روز ملی شدن صنعت نفت ایران,
1403-01-01,جشن نوروز/جشن سال نو,
1403-01-02,عیدنوروز,
1403-01-03,عیدنوروز,
1403-01-04,عیدنوروز,
1403-01-12,روز جمهوری اسلامی,
1403-01-13,جشن سیزده به در,شهادت حضرت علی علیه السلام
1403-01-23,عید سعید فطر,
1403-01-24,تعطیل به مناسبت عید سعید فطر,
1403-02-16,شهادت امام جعفر صادق علیه السلام,
1403-03-14,رحلت حضرت امام خمینی,
1403-03-15,قیام 15 خرداد,
1403-03-28,عید سعید قربان,
1403-04-05,عید سعید غدیر خم,
1403-04-26,تاسوعای حسینی,
1403-04-27,عاشورای حسینی,
1403-06-04,اربعین حسینی,
1403-06-12,رحلت  رسول اکرم؛شهادت امام حسن مجتبی علیه السلام,
1403-06-14,شهادت امام رضا علیه السلام,
1403-06-22,شهادت امام حسن عسکری علیه السلام,
1403-06-31,میلاد رسول اکرم و امام جعفر صادق علیه السلام,
1403-09-15,شهادت حضرت فاطمه زهرا سلام الله علیها,
1403-10-25,ولادت امام علی علیه السلام و روز پدر,
1403-11-09,مبعث رسول اکرم (ص),
1403-11-22,پیروزی انقلاب اسلامی,
1403-11-27,ولادت حضرت قائم عجل الله تعالی فرجه و جشن نیمه شعبان,
1403-12-29,روز ملی شدن صنعت نفت ایران,
1403-12-30,آخرین روز سال,
1404-01-01,جشن نوروز/جشن سال نو,
1404-01-02,عیدنوروز,شهادت حضرت علی علیه السلام
1404-01-03,عیدنوروز,
1404-01-04,عیدنوروز,
1404-01-11,عید سعید فطر,
1404-01-12,روز جمهوری اسلامی,تعطیل به مناسبت عید سعید فطر
1404-01-13,جشن سیزده به در,
1404-02-04,شهادت امام جعفر صادق علیه السلام,
1404-03-14,رحلت حضرت امام خمینی,
1404-03-15,قیام 15 خرداد,
1404-03-17,عید سعید قربان,
1404-03-25,عید سعید غدیر خم,
1404-04-14,تاسوعای حسینی,
1404-04-15,عاشورای حسینی,
1404-05-24,اربعین حسینی,
1404-06-01,رحلت  رسول اکرم؛شهادت امام حسن مجتبی علیه السلام,
1404-06-10,شهادت امام حسن عسکری علیه السلام,
1404-06-19,میلاد رسول اکرم و امام جعفر صادق علیه السلام,
1404-09-04,شهادت حضرت فاطمه زهرا سلام الله علیها,
1404-10-13,ولادت امام علی علیه السلام و روز پدر,
1404-10-27,مبعث رسول اکرم (ص),
1404-11-15,ولادت حضرت قائم عجل الله تعالی فرجه و جشن نیمه شعبان,
1404-11-22,پیروزی انقلاب اسلامی,
1404-12-20,شهادت حضرت علی علیه السلام,
1404-12-29,روز ملی شدن صنعت نفت ایران,
1405-01-01,جشن نوروز/جشن سال نو,عید سعید فطر
1405-01-02,عیدنوروز,تعطیل به مناسبت عید سعید فطر
1405-01-03,عیدنوروز,
1405-01-04,عیدنوروز,
1405-01-12,روز جمهوری اسلامی,
1405-01-13,جشن سیزده به در,
1405-01-25,شهادت امام جعفر صادق علیه السلام,
1405-03-07,عید سعید قربان,
1405-03-14,رحلت حضرت امام خمینی,
1405-03-15,قیام 15 خرداد,عید سعید غدیر خم
1405-04-04,تاسوعای حسینی,
1405-04-05,عاشورای حسینی,
1405-05-13,اربعین حسینی,
1405-05-21,رحلت  رسول اکرم؛شهادت امام حسن مجتبی علیه السلام,
1405-05-23,شهادت امام رضا علیه السلام,
1405-05-31,شهادت امام حسن عسکری علیه السلام,
1405-06-09,میلاد رسول اکرم و امام جعفر صادق علیه السلام,
1405-08-23,شهادت حضرت فاطمه زهرا سلام الله علیها,
1405-10-02,ولادت امام علی علیه السلام و روز پدر,
1405-10-16,مبعث رسول اکرم (ص),
1405-11-04,ولادت حضرت قائم عجل الله تعالی فرجه و جشن نیمه شعبان,
1405-11-22,پیروزی انقلاب اسلامی,
1405-12-10,شهادت حضرت علی علیه السلام,
1405-12-19,عید سعید فطر,
1405-12-20,تعطیل به مناسبت عید سعید فطر,
1405-12-29,روز ملی شدن صنعت نفت ایران,
1406-01-01,جشن نوروز/جشن سال نو,
1406-01-02,عیدنوروز,
1406-01-03,عیدنوروز,
1406-01-04,عیدنوروز,
1406-01-12,روز جمهوری اسلامی,
1406-01-13,جشن سیزده به در,
1406-01-14,شهادت امام جعفر صادق علیه السلام,
1406-02-27,عید سعید قربان,
1406-03-04,عید سعید غدیر خم,
1406-03-14,رحلت حضرت امام خمینی,
1406-03-15,قیام 15 خرداد,
1406-03-25,تاسوعای حسینی,
1406-03-26,عاشورای حسینی,
1406-05-03,اربعین حسینی,
1406-05-11,رحلت  رسول اکرم؛شهادت امام حسن مجتبی علیه السلام,
1406-05-20,شهادت امام حسن عسکری علیه السلام,
1406-05-29,میلاد رسول اکرم و امام جعفر صادق علیه السلام,
1406-08-12,شهادت حضرت فاطمه زهرا سلام الله علیها,
1406-09-21,ولادت امام علی علیه السلام و روز پدر,
1406-10-05,مبعث رسول اکرم (ص),
1406-10-23,ولادت حضرت قائم عجل الله تعالی فرجه و جشن نیمه شعبان,
1406-11-22,پیروزی انقلاب اسلامی,
1406-11-29,شهادت حضرت علی علیه السلام,
1406-12-08,عید سعید فطر,
1406-12-09,تعطیل به مناسبت عید سعید فطر,
1406-12-29,روز ملی شدن صنعت نفت ایران,
1407-01-01,جشن نوروز/جشن سال نو,
1407-01-02,عیدنوروز,
1407-01-03,عیدنوروز,شهادت امام جعفر صادق علیه السلام
1407-01-04,عیدنوروز,
1407-01-12,روز جمهوری اسلامی,
1407-01-13,جشن سیزده به در,
1407-02-17,عید سعید قربان,
1407-02-25,عید سعید غدیر خم,
1407-03-14,رحلت حضرت امام خمینی,تاسوعای حسینی
1407-03-15,قیام 15 خرداد,عاشورای حسینی
1407-04-24,اربعین حسینی,
1407-05-01,رحلت  رسول اکرم؛شهادت امام حسن مجتبی علیه السلام,
1407-05-10,شهادت امام حسن عسکری علیه السلام,
1407-05-19,میلاد رسول اکرم و امام جعفر صادق علیه السلام,
1407-08-01,شهادت حضرت فاطمه زهرا سلام الله علیها,
1407-09-11,ولادت امام علی علیه السلام و روز پدر,
1407-09-25,مبعث رسول اکرم (ص),
1407-10-12,ولادت حضرت قائم عجل الله تعالی فرجه و جشن نیمه شعبان,
1407-11-18,شهادت حضرت علی علیه السلام,
1407-11-22,پیروزی انقلاب اسلامی,
1407-11-27,عید سعید فطر,
1407-11-28,تعطیل به مناسبت عید سعید فطر,
1407-12-21,شهادت امام جعفر صادق علیه السلام,
1407-12-29,روز ملی شدن صنعت نفت ایران,
1408-01-01,جشن نوروز/جشن سال نو,
1408-01-02,عیدنوروز,
1408-01-03,عیدنوروز,
1408-01-04,عیدنوروز,
1408-01-12,روز جمهوری اسلامی,
1408-01-13,جشن سیزده به در,
1408-02-06,عید سعید قربان,
1408-02-14,عید سعید غدیر خم,
1408-03-03,تاسوعای حسینی,
1408-03-04,عاشورای حسینی,
1408-03-14,رحلت حضرت امام خمینی,
1408-03-15,قیام 15 خرداد,
1408-04-13,اربعین حسینی,
1408-04-21,رحلت  رسول اکرم؛شهادت امام حسن مجتبی علیه السلام,
1408-04-23,شهادت امام رضا علیه السلام,
1408-04-31,شهادت امام حسن عسکری علیه السلام,
1408-05-09,میلاد رسول اکرم و امام جعفر صادق علیه السلام,
1408-07-21,شهادت حضرت فاطمه زهرا سلام الله علیها,
1408-08-30,ولادت امام علی علیه السلام و روز پدر,
1408-09-14,مبعث رسول اکرم (ص),
1408-10-02,ولادت حضرت قائم عجل الله تعالی فرجه و جشن نیمه شعبان,
1408-11-07,شهادت حضرت علی علیه السلام,
1408-11-17,عید سعید فطر,
1408-11-18,تعطیل به مناسبت عید سعید فطر,
1408-11-22,پیروزی انقلاب اسلامی,
1408-12-11,شهادت امام جعفر صادق علیه السلام,
1408-12-29,روز ملی شدن صنعت نفت ایران,
1408-12-30,آخرین روز سال,
1409-01-01,جشن نوروز/جشن سال نو,
1409-01-02,عیدنوروز,
1409-01-03,عیدنوروز,
1409-01-04,عیدنوروز,
1409-01-12,روز جمهوری اسلامی,
1409-01-13,جشن سیزده به در,
1409-01-25,عید سعید قربان,
1409-02-02,عید سعید غدیر خم,
1409-02-22,تاسوعای حسینی,
1409-02-23,عاشورای حسینی,
1409-03-14,رحلت حضرت امام خمینی,
1409-03-15,قیام 15 خرداد,
1409-04-01,اربعین حسینی,
1409-04-09,رحلت  رسول اکرم؛شهادت امام حسن مجتبی علیه السلام,
1409-04-11,شهادت امام رضا علیه السلام,
1409-04-19,شهادت امام حسن عسکری علیه السلام,
1409-04-28,میلاد رسول اکرم و امام جعفر صادق علیه السلام,
1409-07-10,شهادت حضرت فاطمه زهرا سلام الله علیها,
1409-08-19,ولادت امام علی علیه السلام و روز پدر,
1409-09-03,مبعث رسول اکرم (ص),
1409-09-20,ولادت حضرت قائم عجل الله تعالی فرجه و جشن نیمه شعبان,
1409-10-26,شهادت حضرت علی علیه السلام,
1409-11-05,عید سعید فطر,
1409-11-06,تعطیل به مناسبت عید سعید فطر,
1409-11-22,پیروزی انقلاب اسلامی,
1409-11-29,شهادت امام جعفر صادق علیه السلام,
1409-12-29,روز ملی شدن صنعت نفت ایران,
1410-01-01,جشن نوروز/جشن سال نو,
1410-01-02,عیدنوروز,
1410-01-03,عیدنوروز,
1410-01-04,عیدنوروز,
1410-01-12,روز جمهوری اسلامی,
1410-01-13,جشن سیزده به در,
1410-01-14,عید سعید قربان,
1410-01-22,عید سعید غدیر خم,
1410-02-12,تاسوعای حسینی,
1410-02-13,عاشورای حسینی,
1410-03-14,رحلت حضرت امام خمینی,
1410-03-15,قیام 15 خرداد,
1410-03-21,اربعین حسینی,
1410-03-29,رحلت  رسول اکرم؛شهادت امام حسن مجتبی علیه السلام,
1410-03-31,شهادت امام رضا علیه السلام,
1410-04-08,شهادت امام حسن عسکری علیه السلام,
1410-04-17,میلاد رسول اکرم و امام جعفر صادق علیه السلام,
1410-06-30,شهادت حضرت فاطمه زهرا سلام الله علیها,
1410-08-08,ولادت امام علی علیه السلام و روز پدر,
1410-08-22,مبعث رسول اکرم (ص),
1410-09-10,ولادت حضرت قائم عجل الله تعالی فرجه و جشن نیمه شعبان,
1410-10-15,شهادت حضرت علی علیه السلام,
1410-10-25,عید سعید فطر,
1410-10-26,تعطیل به مناسبت عید سعید فطر,
1410-11-19,شهادت امام جعفر صادق علیه السلام,
1410-11-22,پیروزی انقلاب اسلامی,
1410-12-29,روز ملی شدن صنعت نفت ایران,
